component,target,advisory,package,installed,fixed,severity,source
postgres,usr/local/bin/gosu,CVE-2025-68121,stdlib,v1.24.6,"1.24.13, 1.25.7, 1.26.0-rc.3",CRITICAL,https://avd.aquasec.com/nvd/cve-2025-68121
postgres,usr/local/bin/gosu,CVE-2025-61726,stdlib,v1.24.6,"1.24.12, 1.25.6",HIGH,https://avd.aquasec.com/nvd/cve-2025-61726
postgres,usr/local/bin/gosu,CVE-2025-61729,stdlib,v1.24.6,"1.24.11, 1.25.5",HIGH,https://avd.aquasec.com/nvd/cve-2025-61729
postgres,usr/local/bin/gosu,CVE-2026-25679,stdlib,v1.24.6,"1.25.8, 1.26.1",HIGH,https://avd.aquasec.com/nvd/cve-2026-25679
postgres,usr/local/bin/gosu,CVE-2026-27145,stdlib,v1.24.6,"1.25.11, 1.26.4",HIGH,https://avd.aquasec.com/nvd/cve-2026-27145
postgres,usr/local/bin/gosu,CVE-2026-32280,stdlib,v1.24.6,"1.25.9, 1.26.2",HIGH,https://avd.aquasec.com/nvd/cve-2026-32280
postgres,usr/local/bin/gosu,CVE-2026-32281,stdlib,v1.24.6,"1.25.9, 1.26.2",HIGH,https://avd.aquasec.com/nvd/cve-2026-32281
postgres,usr/local/bin/gosu,CVE-2026-32283,stdlib,v1.24.6,"1.25.9, 1.26.2",HIGH,https://avd.aquasec.com/nvd/cve-2026-32283
postgres,usr/local/bin/gosu,CVE-2026-33811,stdlib,v1.24.6,"1.25.10, 1.26.3",HIGH,https://avd.aquasec.com/nvd/cve-2026-33811
postgres,usr/local/bin/gosu,CVE-2026-33814,stdlib,v1.24.6,"1.25.10, 1.26.3",HIGH,https://avd.aquasec.com/nvd/cve-2026-33814
postgres,usr/local/bin/gosu,CVE-2026-33818,stdlib,v1.24.6,"1.25.13, 1.26.6, 1.27.0-rc.3",HIGH,https://avd.aquasec.com/nvd/cve-2026-33818
postgres,usr/local/bin/gosu,CVE-2026-39820,stdlib,v1.24.6,"1.25.10, 1.26.3",HIGH,https://avd.aquasec.com/nvd/cve-2026-39820
postgres,usr/local/bin/gosu,CVE-2026-39821,stdlib,v1.24.6,"1.25.13, 1.26.6, 1.27.0-rc.3",HIGH,https://avd.aquasec.com/nvd/cve-2026-39821
postgres,usr/local/bin/gosu,CVE-2026-39822,stdlib,v1.24.6,"1.25.12, 1.26.5, 1.27.0-rc.2",HIGH,https://avd.aquasec.com/nvd/cve-2026-39822
postgres,usr/local/bin/gosu,CVE-2026-39836,stdlib,v1.24.6,"1.25.10, 1.26.3",HIGH,https://avd.aquasec.com/nvd/cve-2026-39836
postgres,usr/local/bin/gosu,CVE-2026-42499,stdlib,v1.24.6,"1.25.10, 1.26.3",HIGH,https://avd.aquasec.com/nvd/cve-2026-42499
postgres,usr/local/bin/gosu,CVE-2026-42504,stdlib,v1.24.6,"1.25.11, 1.26.4",HIGH,https://avd.aquasec.com/nvd/cve-2026-42504
postgres,usr/local/bin/gosu,CVE-2026-56853,stdlib,v1.24.6,"1.25.13, 1.26.6, 1.27.0-rc.3",HIGH,https://avd.aquasec.com/nvd/cve-2026-56853
postgres,usr/local/bin/gosu,CVE-2026-56858,stdlib,v1.24.6,"1.25.13, 1.26.6, 1.27.0-rc.3",HIGH,https://avd.aquasec.com/nvd/cve-2026-56858
postgres,usr/local/bin/gosu,CVE-2026-56859,stdlib,v1.24.6,"1.25.13, 1.26.6, 1.27.0-rc.3",HIGH,https://avd.aquasec.com/nvd/cve-2026-56859
postgres,usr/local/bin/gosu,CVE-2026-56860,stdlib,v1.24.6,"1.25.13, 1.26.6, 1.27.0-rc.3",HIGH,https://avd.aquasec.com/nvd/cve-2026-56860
postgres,usr/local/bin/gosu,CVE-2026-56862,stdlib,v1.24.6,"1.25.13, 1.26.6, 1.27.0-rc.3",HIGH,https://avd.aquasec.com/nvd/cve-2026-56862
toxiproxy,toxiproxy,CVE-2025-68121,stdlib,v1.23.0,"1.24.13, 1.25.7, 1.26.0-rc.3",CRITICAL,https://avd.aquasec.com/nvd/cve-2025-68121
toxiproxy,toxiproxy,CVE-2024-34156,stdlib,v1.23.0,"1.22.7, 1.23.1",HIGH,https://avd.aquasec.com/nvd/cve-2024-34156
toxiproxy,toxiproxy,CVE-2025-61726,stdlib,v1.23.0,"1.24.12, 1.25.6",HIGH,https://avd.aquasec.com/nvd/cve-2025-61726
toxiproxy,toxiproxy,CVE-2025-61729,stdlib,v1.23.0,"1.24.11, 1.25.5",HIGH,https://avd.aquasec.com/nvd/cve-2025-61729
toxiproxy,toxiproxy,CVE-2026-25679,stdlib,v1.23.0,"1.25.8, 1.26.1",HIGH,https://avd.aquasec.com/nvd/cve-2026-25679
toxiproxy,toxiproxy,CVE-2026-27145,stdlib,v1.23.0,"1.25.11, 1.26.4",HIGH,https://avd.aquasec.com/nvd/cve-2026-27145
toxiproxy,toxiproxy,CVE-2026-32280,stdlib,v1.23.0,"1.25.9, 1.26.2",HIGH,https://avd.aquasec.com/nvd/cve-2026-32280
toxiproxy,toxiproxy,CVE-2026-32281,stdlib,v1.23.0,"1.25.9, 1.26.2",HIGH,https://avd.aquasec.com/nvd/cve-2026-32281
toxiproxy,toxiproxy,CVE-2026-32283,stdlib,v1.23.0,"1.25.9, 1.26.2",HIGH,https://avd.aquasec.com/nvd/cve-2026-32283
toxiproxy,toxiproxy,CVE-2026-33811,stdlib,v1.23.0,"1.25.10, 1.26.3",HIGH,https://avd.aquasec.com/nvd/cve-2026-33811
toxiproxy,toxiproxy,CVE-2026-33814,stdlib,v1.23.0,"1.25.10, 1.26.3",HIGH,https://avd.aquasec.com/nvd/cve-2026-33814
toxiproxy,toxiproxy,CVE-2026-33818,stdlib,v1.23.0,"1.25.13, 1.26.6, 1.27.0-rc.3",HIGH,https://avd.aquasec.com/nvd/cve-2026-33818
toxiproxy,toxiproxy,CVE-2026-39820,stdlib,v1.23.0,"1.25.10, 1.26.3",HIGH,https://avd.aquasec.com/nvd/cve-2026-39820
toxiproxy,toxiproxy,CVE-2026-39821,stdlib,v1.23.0,"1.25.13, 1.26.6, 1.27.0-rc.3",HIGH,https://avd.aquasec.com/nvd/cve-2026-39821
toxiproxy,toxiproxy,CVE-2026-39822,stdlib,v1.23.0,"1.25.12, 1.26.5, 1.27.0-rc.2",HIGH,https://avd.aquasec.com/nvd/cve-2026-39822
toxiproxy,toxiproxy,CVE-2026-39836,stdlib,v1.23.0,"1.25.10, 1.26.3",HIGH,https://avd.aquasec.com/nvd/cve-2026-39836
toxiproxy,toxiproxy,CVE-2026-42499,stdlib,v1.23.0,"1.25.10, 1.26.3",HIGH,https://avd.aquasec.com/nvd/cve-2026-42499
toxiproxy,toxiproxy,CVE-2026-42504,stdlib,v1.23.0,"1.25.11, 1.26.4",HIGH,https://avd.aquasec.com/nvd/cve-2026-42504
toxiproxy,toxiproxy,CVE-2026-56853,stdlib,v1.23.0,"1.25.13, 1.26.6, 1.27.0-rc.3",HIGH,https://avd.aquasec.com/nvd/cve-2026-56853
toxiproxy,toxiproxy,CVE-2026-56858,stdlib,v1.23.0,"1.25.13, 1.26.6, 1.27.0-rc.3",HIGH,https://avd.aquasec.com/nvd/cve-2026-56858
toxiproxy,toxiproxy,CVE-2026-56859,stdlib,v1.23.0,"1.25.13, 1.26.6, 1.27.0-rc.3",HIGH,https://avd.aquasec.com/nvd/cve-2026-56859
toxiproxy,toxiproxy,CVE-2026-56860,stdlib,v1.23.0,"1.25.13, 1.26.6, 1.27.0-rc.3",HIGH,https://avd.aquasec.com/nvd/cve-2026-56860
toxiproxy,toxiproxy,CVE-2026-56862,stdlib,v1.23.0,"1.25.13, 1.26.6, 1.27.0-rc.3",HIGH,https://avd.aquasec.com/nvd/cve-2026-56862
toxiproxy,toxiproxy-cli,CVE-2025-68121,stdlib,v1.23.0,"1.24.13, 1.25.7, 1.26.0-rc.3",CRITICAL,https://avd.aquasec.com/nvd/cve-2025-68121
toxiproxy,toxiproxy-cli,CVE-2024-34156,stdlib,v1.23.0,"1.22.7, 1.23.1",HIGH,https://avd.aquasec.com/nvd/cve-2024-34156
toxiproxy,toxiproxy-cli,CVE-2025-61726,stdlib,v1.23.0,"1.24.12, 1.25.6",HIGH,https://avd.aquasec.com/nvd/cve-2025-61726
toxiproxy,toxiproxy-cli,CVE-2025-61729,stdlib,v1.23.0,"1.24.11, 1.25.5",HIGH,https://avd.aquasec.com/nvd/cve-2025-61729
toxiproxy,toxiproxy-cli,CVE-2026-25679,stdlib,v1.23.0,"1.25.8, 1.26.1",HIGH,https://avd.aquasec.com/nvd/cve-2026-25679
toxiproxy,toxiproxy-cli,CVE-2026-27145,stdlib,v1.23.0,"1.25.11, 1.26.4",HIGH,https://avd.aquasec.com/nvd/cve-2026-27145
toxiproxy,toxiproxy-cli,CVE-2026-32280,stdlib,v1.23.0,"1.25.9, 1.26.2",HIGH,https://avd.aquasec.com/nvd/cve-2026-32280
toxiproxy,toxiproxy-cli,CVE-2026-32281,stdlib,v1.23.0,"1.25.9, 1.26.2",HIGH,https://avd.aquasec.com/nvd/cve-2026-32281
toxiproxy,toxiproxy-cli,CVE-2026-32283,stdlib,v1.23.0,"1.25.9, 1.26.2",HIGH,https://avd.aquasec.com/nvd/cve-2026-32283
toxiproxy,toxiproxy-cli,CVE-2026-33811,stdlib,v1.23.0,"1.25.10, 1.26.3",HIGH,https://avd.aquasec.com/nvd/cve-2026-33811
toxiproxy,toxiproxy-cli,CVE-2026-33814,stdlib,v1.23.0,"1.25.10, 1.26.3",HIGH,https://avd.aquasec.com/nvd/cve-2026-33814
toxiproxy,toxiproxy-cli,CVE-2026-33818,stdlib,v1.23.0,"1.25.13, 1.26.6, 1.27.0-rc.3",HIGH,https://avd.aquasec.com/nvd/cve-2026-33818
toxiproxy,toxiproxy-cli,CVE-2026-39820,stdlib,v1.23.0,"1.25.10, 1.26.3",HIGH,https://avd.aquasec.com/nvd/cve-2026-39820
toxiproxy,toxiproxy-cli,CVE-2026-39821,stdlib,v1.23.0,"1.25.13, 1.26.6, 1.27.0-rc.3",HIGH,https://avd.aquasec.com/nvd/cve-2026-39821
toxiproxy,toxiproxy-cli,CVE-2026-39822,stdlib,v1.23.0,"1.25.12, 1.26.5, 1.27.0-rc.2",HIGH,https://avd.aquasec.com/nvd/cve-2026-39822
toxiproxy,toxiproxy-cli,CVE-2026-39836,stdlib,v1.23.0,"1.25.10, 1.26.3",HIGH,https://avd.aquasec.com/nvd/cve-2026-39836
toxiproxy,toxiproxy-cli,CVE-2026-42499,stdlib,v1.23.0,"1.25.10, 1.26.3",HIGH,https://avd.aquasec.com/nvd/cve-2026-42499
toxiproxy,toxiproxy-cli,CVE-2026-42504,stdlib,v1.23.0,"1.25.11, 1.26.4",HIGH,https://avd.aquasec.com/nvd/cve-2026-42504
toxiproxy,toxiproxy-cli,CVE-2026-56853,stdlib,v1.23.0,"1.25.13, 1.26.6, 1.27.0-rc.3",HIGH,https://avd.aquasec.com/nvd/cve-2026-56853
toxiproxy,toxiproxy-cli,CVE-2026-56858,stdlib,v1.23.0,"1.25.13, 1.26.6, 1.27.0-rc.3",HIGH,https://avd.aquasec.com/nvd/cve-2026-56858
toxiproxy,toxiproxy-cli,CVE-2026-56859,stdlib,v1.23.0,"1.25.13, 1.26.6, 1.27.0-rc.3",HIGH,https://avd.aquasec.com/nvd/cve-2026-56859
toxiproxy,toxiproxy-cli,CVE-2026-56860,stdlib,v1.23.0,"1.25.13, 1.26.6, 1.27.0-rc.3",HIGH,https://avd.aquasec.com/nvd/cve-2026-56860
toxiproxy,toxiproxy-cli,CVE-2026-56862,stdlib,v1.23.0,"1.25.13, 1.26.6, 1.27.0-rc.3",HIGH,https://avd.aquasec.com/nvd/cve-2026-56862
node-service-base,node:24.21.0-bookworm-slim@sha256:0e0ff40c39bc087845bfb27465a0df4ea419520094bc35842ff83dd8cbe6f9b6 (debian 12.15),CVE-2026-53613,bsdutils,1:2.38.1-5+deb12u3,,HIGH,https://avd.aquasec.com/nvd/cve-2026-53613
node-service-base,node:24.21.0-bookworm-slim@sha256:0e0ff40c39bc087845bfb27465a0df4ea419520094bc35842ff83dd8cbe6f9b6 (debian 12.15),CVE-2026-76642,bsdutils,1:2.38.1-5+deb12u3,,HIGH,https://avd.aquasec.com/nvd/cve-2026-76642
node-service-base,node:24.21.0-bookworm-slim@sha256:0e0ff40c39bc087845bfb27465a0df4ea419520094bc35842ff83dd8cbe6f9b6 (debian 12.15),CVE-2026-78408,bsdutils,1:2.38.1-5+deb12u3,,HIGH,https://avd.aquasec.com/nvd/cve-2026-78408
node-service-base,node:24.21.0-bookworm-slim@sha256:0e0ff40c39bc087845bfb27465a0df4ea419520094bc35842ff83dd8cbe6f9b6 (debian 12.15),CVE-2026-78409,bsdutils,1:2.38.1-5+deb12u3,,HIGH,https://avd.aquasec.com/nvd/cve-2026-78409
node-service-base,node:24.21.0-bookworm-slim@sha256:0e0ff40c39bc087845bfb27465a0df4ea419520094bc35842ff83dd8cbe6f9b6 (debian 12.15),CVE-2026-78410,bsdutils,1:2.38.1-5+deb12u3,,HIGH,https://avd.aquasec.com/nvd/cve-2026-78410
node-service-base,node:24.21.0-bookworm-slim@sha256:0e0ff40c39bc087845bfb27465a0df4ea419520094bc35842ff83dd8cbe6f9b6 (debian 12.15),CVE-2026-41992,gzip,1.12-1,,HIGH,https://avd.aquasec.com/nvd/cve-2026-41992
node-service-base,node:24.21.0-bookworm-slim@sha256:0e0ff40c39bc087845bfb27465a0df4ea419520094bc35842ff83dd8cbe6f9b6 (debian 12.15),CVE-2026-54369,libacl1,2.3.1-3,,HIGH,https://avd.aquasec.com/nvd/cve-2026-54369
node-service-base,node:24.21.0-bookworm-slim@sha256:0e0ff40c39bc087845bfb27465a0df4ea419520094bc35842ff83dd8cbe6f9b6 (debian 12.15),CVE-2026-53613,libblkid1,2.38.1-5+deb12u3,,HIGH,https://avd.aquasec.com/nvd/cve-2026-53613
node-service-base,node:24.21.0-bookworm-slim@sha256:0e0ff40c39bc087845bfb27465a0df4ea419520094bc35842ff83dd8cbe6f9b6 (debian 12.15),CVE-2026-76642,libblkid1,2.38.1-5+deb12u3,,HIGH,https://avd.aquasec.com/nvd/cve-2026-76642
node-service-base,node:24.21.0-bookworm-slim@sha256:0e0ff40c39bc087845bfb27465a0df4ea419520094bc35842ff83dd8cbe6f9b6 (debian 12.15),CVE-2026-78408,libblkid1,2.38.1-5+deb12u3,,HIGH,https://avd.aquasec.com/nvd/cve-2026-78408
node-service-base,node:24.21.0-bookworm-slim@sha256:0e0ff40c39bc087845bfb27465a0df4ea419520094bc35842ff83dd8cbe6f9b6 (debian 12.15),CVE-2026-78409,libblkid1,2.38.1-5+deb12u3,,HIGH,https://avd.aquasec.com/nvd/cve-2026-78409
node-service-base,node:24.21.0-bookworm-slim@sha256:0e0ff40c39bc087845bfb27465a0df4ea419520094bc35842ff83dd8cbe6f9b6 (debian 12.15),CVE-2026-78410,libblkid1,2.38.1-5+deb12u3,,HIGH,https://avd.aquasec.com/nvd/cve-2026-78410
node-service-base,node:24.21.0-bookworm-slim@sha256:0e0ff40c39bc087845bfb27465a0df4ea419520094bc35842ff83dd8cbe6f9b6 (debian 12.15),CVE-2026-53613,libmount1,2.38.1-5+deb12u3,,HIGH,https://avd.aquasec.com/nvd/cve-2026-53613
node-service-base,node:24.21.0-bookworm-slim@sha256:0e0ff40c39bc087845bfb27465a0df4ea419520094bc35842ff83dd8cbe6f9b6 (debian 12.15),CVE-2026-76642,libmount1,2.38.1-5+deb12u3,,HIGH,https://avd.aquasec.com/nvd/cve-2026-76642
node-service-base,node:24.21.0-bookworm-slim@sha256:0e0ff40c39bc087845bfb27465a0df4ea419520094bc35842ff83dd8cbe6f9b6 (debian 12.15),CVE-2026-78408,libmount1,2.38.1-5+deb12u3,,HIGH,https://avd.aquasec.com/nvd/cve-2026-78408
node-service-base,node:24.21.0-bookworm-slim@sha256:0e0ff40c39bc087845bfb27465a0df4ea419520094bc35842ff83dd8cbe6f9b6 (debian 12.15),CVE-2026-78409,libmount1,2.38.1-5+deb12u3,,HIGH,https://avd.aquasec.com/nvd/cve-2026-78409
node-service-base,node:24.21.0-bookworm-slim@sha256:0e0ff40c39bc087845bfb27465a0df4ea419520094bc35842ff83dd8cbe6f9b6 (debian 12.15),CVE-2026-78410,libmount1,2.38.1-5+deb12u3,,HIGH,https://avd.aquasec.com/nvd/cve-2026-78410
node-service-base,node:24.21.0-bookworm-slim@sha256:0e0ff40c39bc087845bfb27465a0df4ea419520094bc35842ff83dd8cbe6f9b6 (debian 12.15),CVE-2026-103111,libpcre2-8-0,10.42-1+deb12u1,,HIGH,https://avd.aquasec.com/nvd/cve-2026-103111
node-service-base,node:24.21.0-bookworm-slim@sha256:0e0ff40c39bc087845bfb27465a0df4ea419520094bc35842ff83dd8cbe6f9b6 (debian 12.15),CVE-2026-53613,libsmartcols1,2.38.1-5+deb12u3,,HIGH,https://avd.aquasec.com/nvd/cve-2026-53613
node-service-base,node:24.21.0-bookworm-slim@sha256:0e0ff40c39bc087845bfb27465a0df4ea419520094bc35842ff83dd8cbe6f9b6 (debian 12.15),CVE-2026-76642,libsmartcols1,2.38.1-5+deb12u3,,HIGH,https://avd.aquasec.com/nvd/cve-2026-76642
node-service-base,node:24.21.0-bookworm-slim@sha256:0e0ff40c39bc087845bfb27465a0df4ea419520094bc35842ff83dd8cbe6f9b6 (debian 12.15),CVE-2026-78408,libsmartcols1,2.38.1-5+deb12u3,,HIGH,https://avd.aquasec.com/nvd/cve-2026-78408
node-service-base,node:24.21.0-bookworm-slim@sha256:0e0ff40c39bc087845bfb27465a0df4ea419520094bc35842ff83dd8cbe6f9b6 (debian 12.15),CVE-2026-78409,libsmartcols1,2.38.1-5+deb12u3,,HIGH,https://avd.aquasec.com/nvd/cve-2026-78409
node-service-base,node:24.21.0-bookworm-slim@sha256:0e0ff40c39bc087845bfb27465a0df4ea419520094bc35842ff83dd8cbe6f9b6 (debian 12.15),CVE-2026-78410,libsmartcols1,2.38.1-5+deb12u3,,HIGH,https://avd.aquasec.com/nvd/cve-2026-78410
node-service-base,node:24.21.0-bookworm-slim@sha256:0e0ff40c39bc087845bfb27465a0df4ea419520094bc35842ff83dd8cbe6f9b6 (debian 12.15),CVE-2026-16742,libsystemd0,252.39-1~deb12u2,,HIGH,https://avd.aquasec.com/nvd/cve-2026-16742
node-service-base,node:24.21.0-bookworm-slim@sha256:0e0ff40c39bc087845bfb27465a0df4ea419520094bc35842ff83dd8cbe6f9b6 (debian 12.15),CVE-2025-69720,libtinfo6,6.4-4,,HIGH,https://avd.aquasec.com/nvd/cve-2025-69720
node-service-base,node:24.21.0-bookworm-slim@sha256:0e0ff40c39bc087845bfb27465a0df4ea419520094bc35842ff83dd8cbe6f9b6 (debian 12.15),CVE-2026-16742,libudev1,252.39-1~deb12u2,,HIGH,https://avd.aquasec.com/nvd/cve-2026-16742
node-service-base,node:24.21.0-bookworm-slim@sha256:0e0ff40c39bc087845bfb27465a0df4ea419520094bc35842ff83dd8cbe6f9b6 (debian 12.15),CVE-2026-53613,libuuid1,2.38.1-5+deb12u3,,HIGH,https://avd.aquasec.com/nvd/cve-2026-53613
node-service-base,node:24.21.0-bookworm-slim@sha256:0e0ff40c39bc087845bfb27465a0df4ea419520094bc35842ff83dd8cbe6f9b6 (debian 12.15),CVE-2026-76642,libuuid1,2.38.1-5+deb12u3,,HIGH,https://avd.aquasec.com/nvd/cve-2026-76642
node-service-base,node:24.21.0-bookworm-slim@sha256:0e0ff40c39bc087845bfb27465a0df4ea419520094bc35842ff83dd8cbe6f9b6 (debian 12.15),CVE-2026-78408,libuuid1,2.38.1-5+deb12u3,,HIGH,https://avd.aquasec.com/nvd/cve-2026-78408
node-service-base,node:24.21.0-bookworm-slim@sha256:0e0ff40c39bc087845bfb27465a0df4ea419520094bc35842ff83dd8cbe6f9b6 (debian 12.15),CVE-2026-78409,libuuid1,2.38.1-5+deb12u3,,HIGH,https://avd.aquasec.com/nvd/cve-2026-78409
node-service-base,node:24.21.0-bookworm-slim@sha256:0e0ff40c39bc087845bfb27465a0df4ea419520094bc35842ff83dd8cbe6f9b6 (debian 12.15),CVE-2026-78410,libuuid1,2.38.1-5+deb12u3,,HIGH,https://avd.aquasec.com/nvd/cve-2026-78410
node-service-base,node:24.21.0-bookworm-slim@sha256:0e0ff40c39bc087845bfb27465a0df4ea419520094bc35842ff83dd8cbe6f9b6 (debian 12.15),CVE-2026-53613,mount,2.38.1-5+deb12u3,,HIGH,https://avd.aquasec.com/nvd/cve-2026-53613
node-service-base,node:24.21.0-bookworm-slim@sha256:0e0ff40c39bc087845bfb27465a0df4ea419520094bc35842ff83dd8cbe6f9b6 (debian 12.15),CVE-2026-76642,mount,2.38.1-5+deb12u3,,HIGH,https://avd.aquasec.com/nvd/cve-2026-76642
node-service-base,node:24.21.0-bookworm-slim@sha256:0e0ff40c39bc087845bfb27465a0df4ea419520094bc35842ff83dd8cbe6f9b6 (debian 12.15),CVE-2026-78408,mount,2.38.1-5+deb12u3,,HIGH,https://avd.aquasec.com/nvd/cve-2026-78408
node-service-base,node:24.21.0-bookworm-slim@sha256:0e0ff40c39bc087845bfb27465a0df4ea419520094bc35842ff83dd8cbe6f9b6 (debian 12.15),CVE-2026-78409,mount,2.38.1-5+deb12u3,,HIGH,https://avd.aquasec.com/nvd/cve-2026-78409
node-service-base,node:24.21.0-bookworm-slim@sha256:0e0ff40c39bc087845bfb27465a0df4ea419520094bc35842ff83dd8cbe6f9b6 (debian 12.15),CVE-2026-78410,mount,2.38.1-5+deb12u3,,HIGH,https://avd.aquasec.com/nvd/cve-2026-78410
node-service-base,node:24.21.0-bookworm-slim@sha256:0e0ff40c39bc087845bfb27465a0df4ea419520094bc35842ff83dd8cbe6f9b6 (debian 12.15),CVE-2025-69720,ncurses-base,6.4-4,,HIGH,https://avd.aquasec.com/nvd/cve-2025-69720
node-service-base,node:24.21.0-bookworm-slim@sha256:0e0ff40c39bc087845bfb27465a0df4ea419520094bc35842ff83dd8cbe6f9b6 (debian 12.15),CVE-2025-69720,ncurses-bin,6.4-4,,HIGH,https://avd.aquasec.com/nvd/cve-2025-69720
node-service-base,node:24.21.0-bookworm-slim@sha256:0e0ff40c39bc087845bfb27465a0df4ea419520094bc35842ff83dd8cbe6f9b6 (debian 12.15),CVE-2026-13221,perl-base,5.36.0-7+deb12u3,,CRITICAL,https://avd.aquasec.com/nvd/cve-2026-13221
node-service-base,node:24.21.0-bookworm-slim@sha256:0e0ff40c39bc087845bfb27465a0df4ea419520094bc35842ff83dd8cbe6f9b6 (debian 12.15),CVE-2026-42496,perl-base,5.36.0-7+deb12u3,,CRITICAL,https://avd.aquasec.com/nvd/cve-2026-42496
node-service-base,node:24.21.0-bookworm-slim@sha256:0e0ff40c39bc087845bfb27465a0df4ea419520094bc35842ff83dd8cbe6f9b6 (debian 12.15),CVE-2026-8376,perl-base,5.36.0-7+deb12u3,,CRITICAL,https://avd.aquasec.com/nvd/cve-2026-8376
node-service-base,node:24.21.0-bookworm-slim@sha256:0e0ff40c39bc087845bfb27465a0df4ea419520094bc35842ff83dd8cbe6f9b6 (debian 12.15),CVE-2026-42497,perl-base,5.36.0-7+deb12u3,,HIGH,https://avd.aquasec.com/nvd/cve-2026-42497
node-service-base,node:24.21.0-bookworm-slim@sha256:0e0ff40c39bc087845bfb27465a0df4ea419520094bc35842ff83dd8cbe6f9b6 (debian 12.15),CVE-2026-48962,perl-base,5.36.0-7+deb12u3,,HIGH,https://avd.aquasec.com/nvd/cve-2026-48962
node-service-base,node:24.21.0-bookworm-slim@sha256:0e0ff40c39bc087845bfb27465a0df4ea419520094bc35842ff83dd8cbe6f9b6 (debian 12.15),CVE-2026-57432,perl-base,5.36.0-7+deb12u3,,HIGH,https://avd.aquasec.com/nvd/cve-2026-57432
node-service-base,node:24.21.0-bookworm-slim@sha256:0e0ff40c39bc087845bfb27465a0df4ea419520094bc35842ff83dd8cbe6f9b6 (debian 12.15),CVE-2026-57433,perl-base,5.36.0-7+deb12u3,,HIGH,https://avd.aquasec.com/nvd/cve-2026-57433
node-service-base,node:24.21.0-bookworm-slim@sha256:0e0ff40c39bc087845bfb27465a0df4ea419520094bc35842ff83dd8cbe6f9b6 (debian 12.15),CVE-2026-9538,perl-base,5.36.0-7+deb12u3,,HIGH,https://avd.aquasec.com/nvd/cve-2026-9538
node-service-base,node:24.21.0-bookworm-slim@sha256:0e0ff40c39bc087845bfb27465a0df4ea419520094bc35842ff83dd8cbe6f9b6 (debian 12.15),CVE-2026-53613,util-linux,2.38.1-5+deb12u3,,HIGH,https://avd.aquasec.com/nvd/cve-2026-53613
node-service-base,node:24.21.0-bookworm-slim@sha256:0e0ff40c39bc087845bfb27465a0df4ea419520094bc35842ff83dd8cbe6f9b6 (debian 12.15),CVE-2026-76642,util-linux,2.38.1-5+deb12u3,,HIGH,https://avd.aquasec.com/nvd/cve-2026-76642
node-service-base,node:24.21.0-bookworm-slim@sha256:0e0ff40c39bc087845bfb27465a0df4ea419520094bc35842ff83dd8cbe6f9b6 (debian 12.15),CVE-2026-78408,util-linux,2.38.1-5+deb12u3,,HIGH,https://avd.aquasec.com/nvd/cve-2026-78408
node-service-base,node:24.21.0-bookworm-slim@sha256:0e0ff40c39bc087845bfb27465a0df4ea419520094bc35842ff83dd8cbe6f9b6 (debian 12.15),CVE-2026-78409,util-linux,2.38.1-5+deb12u3,,HIGH,https://avd.aquasec.com/nvd/cve-2026-78409
node-service-base,node:24.21.0-bookworm-slim@sha256:0e0ff40c39bc087845bfb27465a0df4ea419520094bc35842ff83dd8cbe6f9b6 (debian 12.15),CVE-2026-78410,util-linux,2.38.1-5+deb12u3,,HIGH,https://avd.aquasec.com/nvd/cve-2026-78410
node-service-base,node:24.21.0-bookworm-slim@sha256:0e0ff40c39bc087845bfb27465a0df4ea419520094bc35842ff83dd8cbe6f9b6 (debian 12.15),CVE-2026-53613,util-linux-extra,2.38.1-5+deb12u3,,HIGH,https://avd.aquasec.com/nvd/cve-2026-53613
node-service-base,node:24.21.0-bookworm-slim@sha256:0e0ff40c39bc087845bfb27465a0df4ea419520094bc35842ff83dd8cbe6f9b6 (debian 12.15),CVE-2026-76642,util-linux-extra,2.38.1-5+deb12u3,,HIGH,https://avd.aquasec.com/nvd/cve-2026-76642
node-service-base,node:24.21.0-bookworm-slim@sha256:0e0ff40c39bc087845bfb27465a0df4ea419520094bc35842ff83dd8cbe6f9b6 (debian 12.15),CVE-2026-78408,util-linux-extra,2.38.1-5+deb12u3,,HIGH,https://avd.aquasec.com/nvd/cve-2026-78408
node-service-base,node:24.21.0-bookworm-slim@sha256:0e0ff40c39bc087845bfb27465a0df4ea419520094bc35842ff83dd8cbe6f9b6 (debian 12.15),CVE-2026-78409,util-linux-extra,2.38.1-5+deb12u3,,HIGH,https://avd.aquasec.com/nvd/cve-2026-78409
node-service-base,node:24.21.0-bookworm-slim@sha256:0e0ff40c39bc087845bfb27465a0df4ea419520094bc35842ff83dd8cbe6f9b6 (debian 12.15),CVE-2026-78410,util-linux-extra,2.38.1-5+deb12u3,,HIGH,https://avd.aquasec.com/nvd/cve-2026-78410
node-service-base,node:24.21.0-bookworm-slim@sha256:0e0ff40c39bc087845bfb27465a0df4ea419520094bc35842ff83dd8cbe6f9b6 (debian 12.15),CVE-2023-45853,zlib1g,1:1.2.13.dfsg-1,,CRITICAL,https://avd.aquasec.com/nvd/cve-2023-45853
node-service-base,Node.js,CVE-2026-102276,brace-expansion,5.0.7,"5.0.10, 3.0.7, 2.1.5, 1.1.19",HIGH,https://avd.aquasec.com/nvd/cve-2026-102276
node-service-base,Node.js,CVE-2026-102278,brace-expansion,5.0.7,"5.0.11, 3.0.8, 2.1.6, 1.1.20",HIGH,https://avd.aquasec.com/nvd/cve-2026-102278
node-service-base,Node.js,CVE-2026-14257,brace-expansion,5.0.7,"5.0.8, 3.0.3, 2.1.3, 1.1.17",HIGH,https://avd.aquasec.com/nvd/cve-2026-14257
node-service-base,Node.js,CVE-2026-69152,brace-expansion,5.0.7,"1.1.18, 2.1.4, 3.0.6, 5.0.9",HIGH,https://avd.aquasec.com/nvd/cve-2026-69152
node-service-base,Node.js,CVE-2026-69192,ip-address,10.2.0,10.3.1,HIGH,https://avd.aquasec.com/nvd/cve-2026-69192
node-service-base,Node.js,CVE-2026-73566,tar,7.5.19,7.5.21,HIGH,https://avd.aquasec.com/nvd/cve-2026-73566
node-service-base,Node.js,CVE-2026-19534,undici,6.27.0,"6.28.1, 7.29.1, 8.10.2",HIGH,https://avd.aquasec.com/nvd/cve-2026-19534
browser-test-base,mcr.microsoft.com/playwright:v1.56.1-noble@sha256:f1e7e01021efd65dd1a2c56064be399f3e4de00fd021ac561325f2bfbb2b837a (ubuntu 24.04),CVE-2025-68973,dirmngr,2.4.4-2ubuntu17.3,2.4.4-2ubuntu17.4,HIGH,https://avd.aquasec.com/nvd/cve-2025-68973
browser-test-base,mcr.microsoft.com/playwright:v1.56.1-noble@sha256:f1e7e01021efd65dd1a2c56064be399f3e4de00fd021ac561325f2bfbb2b837a (ubuntu 24.04),CVE-2025-68973,gpg,2.4.4-2ubuntu17.3,2.4.4-2ubuntu17.4,HIGH,https://avd.aquasec.com/nvd/cve-2025-68973
browser-test-base,mcr.microsoft.com/playwright:v1.56.1-noble@sha256:f1e7e01021efd65dd1a2c56064be399f3e4de00fd021ac561325f2bfbb2b837a (ubuntu 24.04),CVE-2025-68973,gpg-agent,2.4.4-2ubuntu17.3,2.4.4-2ubuntu17.4,HIGH,https://avd.aquasec.com/nvd/cve-2025-68973
browser-test-base,mcr.microsoft.com/playwright:v1.56.1-noble@sha256:f1e7e01021efd65dd1a2c56064be399f3e4de00fd021ac561325f2bfbb2b837a (ubuntu 24.04),CVE-2025-68973,gpgconf,2.4.4-2ubuntu17.3,2.4.4-2ubuntu17.4,HIGH,https://avd.aquasec.com/nvd/cve-2025-68973
browser-test-base,mcr.microsoft.com/playwright:v1.56.1-noble@sha256:f1e7e01021efd65dd1a2c56064be399f3e4de00fd021ac561325f2bfbb2b837a (ubuntu 24.04),CVE-2025-68973,gpgv,2.4.4-2ubuntu17.3,2.4.4-2ubuntu17.4,HIGH,https://avd.aquasec.com/nvd/cve-2025-68973
browser-test-base,mcr.microsoft.com/playwright:v1.56.1-noble@sha256:f1e7e01021efd65dd1a2c56064be399f3e4de00fd021ac561325f2bfbb2b837a (ubuntu 24.04),CVE-2025-3887,gstreamer1.0-plugins-bad,1.24.2-1ubuntu4,,HIGH,https://avd.aquasec.com/nvd/cve-2025-3887
browser-test-base,mcr.microsoft.com/playwright:v1.56.1-noble@sha256:f1e7e01021efd65dd1a2c56064be399f3e4de00fd021ac561325f2bfbb2b837a (ubuntu 24.04),CVE-2025-3887,libgstreamer-plugins-bad1.0-0,1.24.2-1ubuntu4,,HIGH,https://avd.aquasec.com/nvd/cve-2025-3887
browser-test-base,mcr.microsoft.com/playwright:v1.56.1-noble@sha256:f1e7e01021efd65dd1a2c56064be399f3e4de00fd021ac561325f2bfbb2b837a (ubuntu 24.04),CVE-2026-45447,libssl3t64,3.0.13-0ubuntu3.6,3.0.13-0ubuntu3.11,HIGH,https://avd.aquasec.com/nvd/cve-2026-45447
browser-test-base,mcr.microsoft.com/playwright:v1.56.1-noble@sha256:f1e7e01021efd65dd1a2c56064be399f3e4de00fd021ac561325f2bfbb2b837a (ubuntu 24.04),CVE-2026-84782,libssl3t64,3.0.13-0ubuntu3.6,3.0.13-0ubuntu3.16,HIGH,https://avd.aquasec.com/nvd/cve-2026-84782
browser-test-base,mcr.microsoft.com/playwright:v1.56.1-noble@sha256:f1e7e01021efd65dd1a2c56064be399f3e4de00fd021ac561325f2bfbb2b837a (ubuntu 24.04),CVE-2026-45447,openssl,3.0.13-0ubuntu3.6,3.0.13-0ubuntu3.11,HIGH,https://avd.aquasec.com/nvd/cve-2026-45447
browser-test-base,mcr.microsoft.com/playwright:v1.56.1-noble@sha256:f1e7e01021efd65dd1a2c56064be399f3e4de00fd021ac561325f2bfbb2b837a (ubuntu 24.04),CVE-2026-84782,openssl,3.0.13-0ubuntu3.6,3.0.13-0ubuntu3.16,HIGH,https://avd.aquasec.com/nvd/cve-2026-84782
browser-test-base,Node.js,CVE-2026-102276,brace-expansion,2.0.2,"5.0.10, 3.0.7, 2.1.5, 1.1.19",HIGH,https://avd.aquasec.com/nvd/cve-2026-102276
browser-test-base,Node.js,CVE-2026-102278,brace-expansion,2.0.2,"5.0.11, 3.0.8, 2.1.6, 1.1.20",HIGH,https://avd.aquasec.com/nvd/cve-2026-102278
browser-test-base,Node.js,CVE-2026-13149,brace-expansion,2.0.2,"5.0.7, 1.1.16, 2.1.2",HIGH,https://avd.aquasec.com/nvd/cve-2026-13149
browser-test-base,Node.js,CVE-2026-14257,brace-expansion,2.0.2,"5.0.8, 3.0.3, 2.1.3, 1.1.17",HIGH,https://avd.aquasec.com/nvd/cve-2026-14257
browser-test-base,Node.js,CVE-2026-69152,brace-expansion,2.0.2,"1.1.18, 2.1.4, 3.0.6, 5.0.9",HIGH,https://avd.aquasec.com/nvd/cve-2026-69152
browser-test-base,Node.js,CVE-2025-64756,glob,10.4.5,"11.1.0, 10.5.0",HIGH,https://avd.aquasec.com/nvd/cve-2025-64756
browser-test-base,Node.js,CVE-2026-69192,ip-address,9.0.5,10.3.1,HIGH,https://avd.aquasec.com/nvd/cve-2026-69192
browser-test-base,Node.js,CVE-2026-26996,minimatch,9.0.5,"10.2.1, 9.0.6, 8.0.5, 7.4.7, 6.2.1, 5.1.7, 4.2.4, 3.1.3",HIGH,https://avd.aquasec.com/nvd/cve-2026-26996
browser-test-base,Node.js,CVE-2026-27903,minimatch,9.0.5,"10.2.3, 9.0.7, 8.0.6, 7.4.8, 6.2.2, 5.1.8, 4.2.5, 3.1.3",HIGH,https://avd.aquasec.com/nvd/cve-2026-27903
browser-test-base,Node.js,CVE-2026-27904,minimatch,9.0.5,"10.2.3, 9.0.7, 8.0.6, 7.4.8, 6.2.2, 5.1.8, 4.2.5, 3.1.4",HIGH,https://avd.aquasec.com/nvd/cve-2026-27904
browser-test-base,Node.js,CVE-2026-9496,pacote,19.0.1,21.5.1,HIGH,https://avd.aquasec.com/nvd/cve-2026-9496
browser-test-base,Node.js,CVE-2026-9496,pacote,20.0.0,21.5.1,HIGH,https://avd.aquasec.com/nvd/cve-2026-9496
browser-test-base,Node.js,CVE-2026-33671,picomatch,4.0.2,"4.0.4, 3.0.2, 2.3.2",HIGH,https://avd.aquasec.com/nvd/cve-2026-33671
browser-test-base,Node.js,CVE-2026-48815,sigstore,3.1.0,4.1.1,HIGH,https://avd.aquasec.com/nvd/cve-2026-48815
browser-test-base,Node.js,CVE-2026-59873,tar,6.2.1,7.5.19,CRITICAL,https://avd.aquasec.com/nvd/cve-2026-59873
browser-test-base,Node.js,CVE-2026-23745,tar,6.2.1,7.5.3,HIGH,https://avd.aquasec.com/nvd/cve-2026-23745
browser-test-base,Node.js,CVE-2026-23950,tar,6.2.1,7.5.4,HIGH,https://avd.aquasec.com/nvd/cve-2026-23950
browser-test-base,Node.js,CVE-2026-24842,tar,6.2.1,7.5.7,HIGH,https://avd.aquasec.com/nvd/cve-2026-24842
browser-test-base,Node.js,CVE-2026-26960,tar,6.2.1,7.5.8,HIGH,https://avd.aquasec.com/nvd/cve-2026-26960
browser-test-base,Node.js,CVE-2026-29786,tar,6.2.1,7.5.10,HIGH,https://avd.aquasec.com/nvd/cve-2026-29786
browser-test-base,Node.js,CVE-2026-31802,tar,6.2.1,7.5.11,HIGH,https://avd.aquasec.com/nvd/cve-2026-31802
browser-test-base,Node.js,CVE-2026-59874,tar,6.2.1,7.5.18,HIGH,https://avd.aquasec.com/nvd/cve-2026-59874
browser-test-base,Node.js,CVE-2026-73566,tar,6.2.1,7.5.21,HIGH,https://avd.aquasec.com/nvd/cve-2026-73566
browser-test-base,Node.js,CVE-2026-59873,tar,7.4.3,7.5.19,CRITICAL,https://avd.aquasec.com/nvd/cve-2026-59873
browser-test-base,Node.js,CVE-2026-59873,tar,7.4.3,7.5.19,CRITICAL,https://avd.aquasec.com/nvd/cve-2026-59873
browser-test-base,Node.js,CVE-2026-23745,tar,7.4.3,7.5.3,HIGH,https://avd.aquasec.com/nvd/cve-2026-23745
browser-test-base,Node.js,CVE-2026-23745,tar,7.4.3,7.5.3,HIGH,https://avd.aquasec.com/nvd/cve-2026-23745
browser-test-base,Node.js,CVE-2026-23950,tar,7.4.3,7.5.4,HIGH,https://avd.aquasec.com/nvd/cve-2026-23950
browser-test-base,Node.js,CVE-2026-23950,tar,7.4.3,7.5.4,HIGH,https://avd.aquasec.com/nvd/cve-2026-23950
browser-test-base,Node.js,CVE-2026-24842,tar,7.4.3,7.5.7,HIGH,https://avd.aquasec.com/nvd/cve-2026-24842
browser-test-base,Node.js,CVE-2026-24842,tar,7.4.3,7.5.7,HIGH,https://avd.aquasec.com/nvd/cve-2026-24842
browser-test-base,Node.js,CVE-2026-26960,tar,7.4.3,7.5.8,HIGH,https://avd.aquasec.com/nvd/cve-2026-26960
browser-test-base,Node.js,CVE-2026-26960,tar,7.4.3,7.5.8,HIGH,https://avd.aquasec.com/nvd/cve-2026-26960
browser-test-base,Node.js,CVE-2026-29786,tar,7.4.3,7.5.10,HIGH,https://avd.aquasec.com/nvd/cve-2026-29786
browser-test-base,Node.js,CVE-2026-29786,tar,7.4.3,7.5.10,HIGH,https://avd.aquasec.com/nvd/cve-2026-29786
browser-test-base,Node.js,CVE-2026-31802,tar,7.4.3,7.5.11,HIGH,https://avd.aquasec.com/nvd/cve-2026-31802
browser-test-base,Node.js,CVE-2026-31802,tar,7.4.3,7.5.11,HIGH,https://avd.aquasec.com/nvd/cve-2026-31802
browser-test-base,Node.js,CVE-2026-59874,tar,7.4.3,7.5.18,HIGH,https://avd.aquasec.com/nvd/cve-2026-59874
browser-test-base,Node.js,CVE-2026-59874,tar,7.4.3,7.5.18,HIGH,https://avd.aquasec.com/nvd/cve-2026-59874
browser-test-base,Node.js,CVE-2026-73566,tar,7.4.3,7.5.21,HIGH,https://avd.aquasec.com/nvd/cve-2026-73566
browser-test-base,Node.js,CVE-2026-73566,tar,7.4.3,7.5.21,HIGH,https://avd.aquasec.com/nvd/cve-2026-73566
